Brand,Brand Slug,Product Name,URL,Action
Beauty of Joseon,beauty_of_joseon,(Free Gift) Light On Serum Mini,https://beautyofjoseon.com/products/free-gift-light-on-serum-mini,
Beauty of Joseon,beauty_of_joseon,(Free Gift) Revive Eye Serum Mini,https://beautyofjoseon.com/products/free-gift-revive-eye-serum-mini,
Beauty of Joseon,beauty_of_joseon,Bojagi,https://beautyofjoseon.com/products/bojagi,
Beauty of Joseon,beauty_of_joseon,"Daily Shield, Deep Hydration Duo",https://beautyofjoseon.com/products/daily-shield-deep-hydration-duo-us,
Beauty of Joseon,beauty_of_joseon,Daily Tinted Fluid Sunscreen Sachetbook (1g x 12 color),https://beautyofjoseon.com/products/daily-tinted-fluid-sunscreen-sachetbook,
Beauty of Joseon,beauty_of_joseon,Day Dew Sunscreen,https://beautyofjoseon.com/products/day-dew-sunscreen,
Beauty of Joseon,beauty_of_joseon,Day Dew Sunscreen 10ml,https://beautyofjoseon.com/products/day-dew-sunscreen-10ml,
Beauty of Joseon,beauty_of_joseon,Day Dew Sunscreen 10ml (Free Gift),https://beautyofjoseon.com/products/day-dew-sunscreen-10ml-free-gift,
Beauty of Joseon,beauty_of_joseon,Day and Night Care Duo,https://beautyofjoseon.com/products/day-night-duo-skincare-set-us,
Beauty of Joseon,beauty_of_joseon,Dayscreen Moisturizer SPF 30,https://beautyofjoseon.com/products/dayscreen-moisturizer-sunscreen-us,
Beauty of Joseon,beauty_of_joseon,Dynasty Cream 10ml,https://beautyofjoseon.com/products/dynasty-cream-10ml,
Beauty of Joseon,beauty_of_joseon,Dynasty Cream 3.38 fl.oz.(100ml) 2-Pack,https://beautyofjoseon.com/products/dynasty-cream-100ml-duo-f,
Beauty of Joseon,beauty_of_joseon,Ginseng Essence Water Mini 40ml,https://beautyofjoseon.com/products/ginseng-essence-water-mini-40ml-rewards,
Beauty of Joseon,beauty_of_joseon,Ginseng Ritual Edition Gift Set,https://beautyofjoseon.com/products/gingseng-ritual-edition-holiday-gift-set-us,
Beauty of Joseon,beauty_of_joseon,Glow Charging Rice Duo,https://beautyofjoseon.com/products/glow-charging-rice-duo,
Beauty of Joseon,beauty_of_joseon,Green Plum Refreshing Cleanser 2ml,https://beautyofjoseon.com/products/green-plum-refreshing-cleanser-2ml,
Beauty of Joseon,beauty_of_joseon,Hanbok Scrunchie,https://beautyofjoseon.com/products/hanbok-scrunchie,
Beauty of Joseon,beauty_of_joseon,Light On Serum Mini (Free Gift),https://beautyofjoseon.com/products/light-on-serum-mini-free-gift,
Beauty of Joseon,beauty_of_joseon,Light On Serum Mini 10ml,https://beautyofjoseon.com/products/light-on-serum-mini-10ml-1,
Beauty of Joseon,beauty_of_joseon,Nobang Soap Saver,https://beautyofjoseon.com/products/nobang-soap-saver,
Beauty of Joseon,beauty_of_joseon,Perfect Hanbang Palette,https://beautyofjoseon.com/products/hanbang-pallete-us,
Beauty of Joseon,beauty_of_joseon,Perfect Hanbang Sun Trio [Relief Sun + Matte Sun Stick + Sun Serum],https://beautyofjoseon.com/products/perfect-hanbang-sun-trio,
Beauty of Joseon,beauty_of_joseon,Porcelain Gwalsa (Gua Sha),https://beautyofjoseon.com/products/porcelain-gwalsa-guasha,
Beauty of Joseon,beauty_of_joseon,Protect Your Glow Duo,https://beautyofjoseon.com/products/protect-your-glow-duo-us,
Beauty of Joseon,beauty_of_joseon,Refreshing Green Routine Set,https://beautyofjoseon.com/products/refreshing-green-routine-set-us,
Beauty of Joseon,beauty_of_joseon,Relief Sun Aqua-Fresh 10ml,https://beautyofjoseon.com/products/relief-sun-aqua-fresh-10ml-trial-kit,
Beauty of Joseon,beauty_of_joseon,Relief Sun Mini 10ml,https://beautyofjoseon.com/products/relief-sun-mini-10ml-uk,
Beauty of Joseon,beauty_of_joseon,Relief Sun Mini 10ml (Free Gift),https://beautyofjoseon.com/products/relief-sun-mini-10ml-free-gift,
Beauty of Joseon,beauty_of_joseon,Revive Essentials Set,https://beautyofjoseon.com/products/revive-essentials-set,
Beauty of Joseon,beauty_of_joseon,Revive Eye Serum Mini (Free Gift),https://beautyofjoseon.com/products/revive-eye-serum-mini-free-gift,
Beauty of Joseon,beauty_of_joseon,Revive Eye Serum Mini 10ml,https://beautyofjoseon.com/products/revive-eye-serum-mini-10ml-1,
Beauty of Joseon,beauty_of_joseon,🎁 Calming Barrier Serum 1ml (100% off),https://beautyofjoseon.com/products/calming-barrier-serum-1ml-sca_clone_freegift_69e744bb12e1d,
Beauty of Joseon,beauty_of_joseon,🎁 Calming Serum : Green tea + Panthenol (100% off),https://beautyofjoseon.com/products/calming-serum-green-tea-panthenol-sca_clone_freegift_69e74539cc90b,
Beauty of Joseon,beauty_of_joseon,🎁 Daily Tinted Fluid Sunscreen Sachetbook (1g x 12 color) (100% off),https://beautyofjoseon.com/products/daily-tinted-fluid-sunscreen-sachetbook-sca_clone_freegift,
Beauty of Joseon,beauty_of_joseon,🎁 Essential Kit (100% off),https://beautyofjoseon.com/products/essential-kit-us-sca_clone_freegift_69e745039888b,
Beauty of Joseon,beauty_of_joseon,🎁 Relief Sun Mini 10ml (100% off),https://beautyofjoseon.com/products/relief-sun-mini-10ml-uk-sca_clone_freegift_69e72fc6dee56,
Beauty of Joseon,beauty_of_joseon,🎁 Revive Eye Serum Mini 10ml (100% off),https://beautyofjoseon.com/products/revive-eye-serum-mini-10ml-1-sca_clone_freegift_69e6b39b7a7d9,
Beauty of Joseon,beauty_of_joseon,🎁 Revive Firming Moisturizer 1ml (100% off),https://beautyofjoseon.com/products/revive-firming-moisturizer-1ml-sca_clone_freegift,
Dab to Fab,dabtofab,Fabulous Skin Set,https://dabtofab.co/products/recovery-and-repair-supporting-duo,
Dab to Fab,dabtofab,Rococo,https://dabtofab.co/products/rococo,
Innisfree India,innisfree_in,FREE Green Tea Hyaluronic Moist. Sun Serum 10ml,https://in.innisfree.com/products/free-green-tea-hyaluronic-moist-sun-serum-10ml,
Innisfree India,innisfree_in,FREE Innisfree Volcanic BHA Pore Cleansing Foam 15g,https://in.innisfree.com/products/free-innisfree-volcanic-bha-pore-cleansing-foam-15g,
Innisfree India,innisfree_in,Innisfree  Black Tea Treatment Essence 75ML,https://in.innisfree.com/products/innisfree-black-tea-treatment-essence-75ml,
Innisfree India,innisfree_in,Innisfree Acai Berry Energy Mask 22ML,https://in.innisfree.com/products/innisfree-acai-berry-energy-mask-22ml,
Innisfree India,innisfree_in,Innisfree Aloe Energy Mask 22ML,https://in.innisfree.com/products/innisfree-aloe-energy-mask-22ml,
Innisfree India,innisfree_in,Innisfree Black Tea Youth Enhancing Cream 45ML,https://in.innisfree.com/products/black-tea-youth-cream-45ml,
Innisfree India,innisfree_in,Innisfree Cantella Energy Mask 22ML,https://in.innisfree.com/products/innisfree-centella-energy-mask-22ml,
Innisfree India,innisfree_in,Innisfree Fruity Squeeze Tint - Coral,https://in.innisfree.com/products/innisfree-fruity-squeeze-tint-peach-pink-copy,
Innisfree India,innisfree_in,Innisfree Fruity Squeeze Tint - Dewy Red,https://in.innisfree.com/products/innisfree-fruity-squeeze-tint-dewy-red,
Innisfree India,innisfree_in,Innisfree Fruity Squeeze Tint - Peach Pink,https://in.innisfree.com/products/innisfree-fruity-squeeze-tint-peach-pink,
Innisfree India,innisfree_in,Innisfree Fruity Squeeze Tint - Red Brown,https://in.innisfree.com/products/innisfree-fruity-squeeze-tint-red-brown,
Innisfree India,innisfree_in,Innisfree Green Barley peeling gel 120ml,https://in.innisfree.com/products/innisfree-green-barley-peeling-gel-120ml,
Innisfree India,innisfree_in,Innisfree Green Tea Hyaluronic Skin 170ml,https://in.innisfree.com/products/innisfree-green-tea-hyaluronic-skin-170ml,
Innisfree India,innisfree_in,Innisfree Green Tea Seed Hyaluronic Barrier Boosting Cream Holiday Gift Set,https://in.innisfree.com/products/innisfree-green-tea-seed-hyaluronic-barrier-boosting-cream-holiday-gift-set,
Innisfree India,innisfree_in,Innisfree Green Tea Seed Hyaluronic Serum Holiday Gift Set,https://in.innisfree.com/products/innisfree-green-tea-seed-hyaluronic-serum-holiday-gift-set,
Innisfree India,innisfree_in,Innisfree Green Tea Sun Serum 25ml,https://in.innisfree.com/products/innisfree-green-tea-sun-serum-25ml,
Innisfree India,innisfree_in,Innisfree Heartleaf Energy Mask 22ML,https://in.innisfree.com/products/innisfree-heartleaf-energy-mask-22ml,
Innisfree India,innisfree_in,Innisfree Hyaluron Moist Sun SPF50+PA4+ 25mL,https://in.innisfree.com/products/innisfree-hyaluron-moist-sun-spf50-pa4-25ml,
Innisfree India,innisfree_in,Innisfree Hyaluron Moist Suncream 50ml Pooh Ltd. Edition,https://in.innisfree.com/products/innisfree-hyaluron-moist-suncream-50ml,
Innisfree India,innisfree_in,Innisfree Hyaluronic Moist Sunscreen SPF5 50ML,https://in.innisfree.com/products/hyaluronic-moist-sunscreen-spf50-pa4-50ml,
Innisfree India,innisfree_in,Innisfree Idebenone Active Mask 25ML,https://in.innisfree.com/products/innisfree-idebenone-active-mask-25ml,
Innisfree India,innisfree_in,Innisfree Intensive Long-Lasting Sunscreen SPF-50 60ML,https://in.innisfree.com/products/intensive-long-lasting-sunscreen-ex-spf50-pa4-50ml,
Innisfree India,innisfree_in,Innisfree Kombucha Energy Mask 22ML,https://in.innisfree.com/products/innisfree-kombucha-energy-mask-22ml,
Innisfree India,innisfree_in,Innisfree Madecassoside Active Mask 25ML,https://in.innisfree.com/products/innisfree-madecassoside-active-mask-25ml,
Innisfree India,innisfree_in,Innisfree No Sebum Mineral Powder 01 5g Pooh Ltd. Edition,https://in.innisfree.com/products/innisfree-no-sebum-mineral-powder-01-5g-disney,
Innisfree India,innisfree_in,Innisfree No Sebum Mineral Powder 02 5g Pooh Ltd. Edition,https://in.innisfree.com/products/innisfree-no-sebum-mineral-powder-02-5g-disney,
Innisfree India,innisfree_in,Innisfree No Sebum Mineral Powder 03 5g Pooh Ltd. Edition,https://in.innisfree.com/products/innisfree-no-sebum-mineral-powder-03-5g-disney,
Innisfree India,innisfree_in,Innisfree Oatmeal Energy Mask 22ML,https://in.innisfree.com/products/innisfree-oatmeal-energy-mask-22ml,
Innisfree India,innisfree_in,Innisfree Perfect 9 Intensive Eye Cream 30ML,https://in.innisfree.com/products/perfect-9-intensive-eye-cream-30ml,
Innisfree India,innisfree_in,Innisfree Pomegranate Energy Mask 22ML,https://in.innisfree.com/products/innisfree-pomegrante-energy-mask-22ml,
Innisfree India,innisfree_in,Innisfree Retinol Green Tea Skin Booster PDRN Face Serum 25ml,https://in.innisfree.com/products/innisfree-retinol-green-tea-booster-pdrn-face-serum-25ml,
Innisfree India,innisfree_in,Innisfree Rose Energy Mask 22ML,https://in.innisfree.com/products/innisfree-rose-energy-mask-22ml,
Innisfree India,innisfree_in,Innisfree Sebum Control Hydration Mini Holiday Kit,https://in.innisfree.com/products/innisfree-sebum-control-hydration-mini-holiday-kit,
Innisfree India,innisfree_in,Innisfree Special Care Mask-Foot,https://in.innisfree.com/products/innisfree-special-care-mask-foot23,
Innisfree India,innisfree_in,Innisfree Special Care Mask-Hand,https://in.innisfree.com/products/innisfree-special-care-mask-hand23,
Innisfree India,innisfree_in,Innisfree Super Volcanic Pore Clay Mask 100ml Pooh Ltd. Edition,https://in.innisfree.com/products/innisfree-s-volcanic-p-clay-mask_100ml,
Innisfree India,innisfree_in,Innisfree Tone Up No Sebum Sunscreen 60ml Pooh Ltd. Edition,https://in.innisfree.com/products/innisfree-tone-up-no-sebum-sunscreen-60ml,
Innisfree India,innisfree_in,Innisfree Tone Up Watering Sunscreen 60ml,https://in.innisfree.com/products/innisfree-tone-up-watering-sun-60ml,
Innisfree India,innisfree_in,Innisfree UV Active Poreless Sunscreen 50ML,https://in.innisfree.com/products/innisfree-uv-active-poreless-susnscreen-50-ml,
Innisfree India,innisfree_in,Innisfree Volcanic Pore Clay Mask 20ML,https://in.innisfree.com/products/free-volcanic-pore-clay-mask-20ml,
Innisfree India,innisfree_in,Innisfree Yuzu Energy Mask 22ML,https://in.innisfree.com/products/innisfree-yuzu-energy-mask-22ml,
Innisfree India,innisfree_in,🎁 FREE Innisfree Volcanic BHA Pore Cleansing Foam 15g,https://in.innisfree.com/products/🎁-free-innisfree-volcanic-bha-pore-cleansing-foam-15g,
Kiehl's India,kiehls_in,Free Kiehl's  Ultimate Brushless Shave Cream - White Eagle (Size - 3ml),https://kiehls.in/products/free-kiehls-ultimate-brushless-shave-cream-white-eagle-size-3ml,
Kiehl's India,kiehls_in,Free Kiehl's Creamy Eye Treatment With Avocado (Size - 1.5ml),https://kiehls.in/products/free-kiehls-creamy-eye-treatment-with-avocado-size-1-5ml,
Kiehl's India,kiehls_in,Free Kiehl's Midnight Recovery Concentrate Sample (Size - 2ml),https://kiehls.in/products/free-kiehls-midnight-recovery-concentrate-sample-size-2ml,
Kiehl's India,kiehls_in,Free Kiehl's Ultra Facial Cream (Size: 3ml),https://kiehls.in/products/free-kiehls-ultra-facial-cream-size-3ml,
Kiehl's India,kiehls_in,Kiehl's 2025 Acne Cleanser Row/ Gently Effective Blemish Targeting Cleansing Paste,https://kiehls.in/products/kiehls-2025-acne-cleanser-row-gently-effective-blemish-targeting-cleansing-paste,
Kiehl's India,kiehls_in,Kiehl's Age Defenders For Him Set,https://kiehls.in/products/kiehls-age-defenders-for-him-set,
Kiehl's India,kiehls_in,Kiehl's Calendula Petal-Infused Calming Mask,https://kiehls.in/products/kiehls-calendula-petal-infused-calming-mask,
Kiehl's India,kiehls_in,Kiehl's Calendula Skin-Soothing & Stabilizing Emulsion,https://kiehls.in/products/kiehls-calendula-skin-soothing-stabilizing-emulsion,
Kiehl's India,kiehls_in,Kiehl's Clearly Corrective Clarity Activating Emulsion,https://kiehls.in/products/kiehls-clearly-corrective-clarity-activating-emulsion,
Kiehl's India,kiehls_in,Kiehl's Clearly Corrective Daily Re-Texturizing Triple Acid Pre-Serum,https://kiehls.in/products/kiehls-clearly-corrective-daily-re-texturizing-triple-acid-pre-serum,
Kiehl's India,kiehls_in,Kiehl's Clearly Corrective Dark Spot Solution With Activated C & Buffered Salicylic Acid,https://kiehls.in/products/kiehls-clearly-corrective-dark-spot-solution-with-activated-c-buffered-salicylic-acid-435019,
Kiehl's India,kiehls_in,Kiehl's Creme De Corps Smoothing Oil-To-Foam Body Cleanser,https://kiehls.in/products/kiehls-creme-de-corps-smoothing-oil-to-foam-body-cleanser,
Kiehl's India,kiehls_in,"Kiehl's Creme With Silk Groom, Non-greasy Hair Styling Cream",https://kiehls.in/products/kiehls-creme-with-silk-groom-non-greasy-hair-styling-cream,
Kiehl's India,kiehls_in,Kiehl's Epidermal Re-Texturizing Micro-Dermabrasion,https://kiehls.in/products/kiehls-epidermal-re-texturizing-micro-dermabrasion,
Kiehl's India,kiehls_in,Kiehl's Expertly Clear Blemish-Treating & Preventing Lotion,https://kiehls.in/products/kiehls-expertly-clear-blemish-treating-preventing-lotion,
Kiehl's India,kiehls_in,Kiehl's Facial Fuel Moisturizer,https://kiehls.in/products/kiehls-facial-fuel-moisturizer,
Kiehl's India,kiehls_in,Kiehl's Hydrate All The Way Set,https://kiehls.in/products/kiehls-hydrate-all-the-way-set,
Kiehl's India,kiehls_in,Kiehl's Hydration Un-Limited Set,https://kiehls.in/products/kiehls-hydration-un-limited-set,
Kiehl's India,kiehls_in,Kiehl's Hydro-Plumping Hydrating Serum,https://kiehls.in/products/kiehls-hydro-plumping-hydrating-serum-20652395,
Kiehl's India,kiehls_in,Kiehl's Ingrown Hair And Tone-Correcting Intimate Drops,https://kiehls.in/products/kiehls-ingrown-hair-and-tone-correcting-intimate-drops,
Kiehl's India,kiehls_in,Kiehl's Leave The Oil Behind Set,https://kiehls.in/products/kiehls-leave-the-oil-behind-set,
Kiehl's India,kiehls_in,Kiehl's Micro-Dose Anti-Aging Retinol Serum,https://kiehls.in/products/kiehls-micro-dose-anti-aging-retinol-serum-20652396,
Kiehl's India,kiehls_in,Kiehl's Midnight Recovery Omega-Rich Cloud Night Cream,https://kiehls.in/products/kiehls-midnight-recovery-omega-rich-cloud-night-cream,
Kiehl's India,kiehls_in,Kiehl's Shave It Off & Take Off Set,https://kiehls.in/products/kiehls-shave-it-off-take-off-set,
Kiehl's India,kiehls_in,Kiehl's Super Multi - Corrective Soft Cream,https://kiehls.in/products/kiehls-super-multi-corrective-soft-cream-19238939,
Kiehl's India,kiehls_in,Kiehl's Super Multi-Corrective Cream SPF 30,https://kiehls.in/products/kiehls-super-multi-corrective-cream-spf-30,
Kiehl's India,kiehls_in,Kiehl's Super Multi-Corrective Eye Zone Treatment with Collagen Peptide & Proxylane,https://kiehls.in/products/kiehls-super-multi-corrective-eye-zone-treatment-with-collagen-peptide-proxylane,
Kiehl's India,kiehls_in,Kiehl's Truly Targeted Blemish - Clearing Solution,https://kiehls.in/products/kiehls-truly-targeted-blemish-clearing-solution,
Kiehl's India,kiehls_in,Kiehl's Ultra Body Mega Moisture Squalane Cream,https://kiehls.in/products/kiehls-ultra-body-mega-moisture-squalane-cream,
Kiehl's India,kiehls_in,Kiehl's Ultra Facial Barrier Cleanser,https://kiehls.in/products/kiehls-ultra-facial-barrier-cleanser-25417930,
Kiehl's India,kiehls_in,Kiehl's Ultra Facial Cleanser Gentle Non Stripping With Squalane,https://kiehls.in/products/kiehls-ultra-facial-cleanser-gentle-non-stripping-with-squalane-27616,
Kiehl's India,kiehls_in,Kiehl's Ultra Facial Cleanser- Gentle and Non Stripping With Squalane,https://kiehls.in/products/free-kiehls-bestseller-surprise,
Kiehl's India,kiehls_in,Kiehl's Ultra Facial Cream SPF30,https://kiehls.in/products/kiehls-ultra-facial-cream-spf30,
Kiehl's India,kiehls_in,"Kiehl's Ultra Facial Cream With 72 Hour Hydration - Moisturizer For Softer, Hydrated Skin",https://kiehls.in/products/kiehls-ultra-facial-cream-with-24-hour-hydration-moisturizer-for-softer-hydrated-skin-435017,
Kiehl's India,kiehls_in,Kiehl's Ultra Facial Oil Free Gel Cream,https://kiehls.in/products/kiehls-ultra-facial-oil-free-gel-cream-11958293,
Kiehl's India,kiehls_in,Kiehl's Ultra Facial Oil Free Toner,https://kiehls.in/products/kiehls-ultra-facial-oil-free-toner,
Kiehl's India,kiehls_in,Kiehl's Ultra Facial Overnight Hydrating Face Mask,https://kiehls.in/products/kiehls-ultra-facial-overnight-hydrating-face-mask,
Kiehl's India,kiehls_in,Kiehl's Ultra Hydrated Face & Body Set,https://kiehls.in/products/kiehls-ultra-hydrated-face-body-set,
Kiehl's India,kiehls_in,Kiehl's Ultra Hydrating Hits Set,https://kiehls.in/products/kiehls-ultra-hydrating-hits-set,
Kiehl's India,kiehls_in,Kiehl's Ultra-Light Daily UV Defense SPF 50 PA++++ Sunscreen With Anti-Pollution,https://kiehls.in/products/kiehls-ultra-light-daily-uv-defense-spf-50-pa-sunscreen-with-anti-pollution-14134616,
Kiehl's India,kiehls_in,Kiehl's Whats Your Age Again H25 Set,https://kiehls.in/products/kiehls-whats-your-age-again-h25-set,
Kiehl's India,kiehls_in,Kiehls Ultra Facial Oil Free Gel Cream Refill,https://kiehls.in/products/kiehls-ultra-facial-oil-free-gel-cream-refill,
Let's Hyphen,lets_hyphen,AM Glow Essentials,https://letshyphen.com/products/am-glow-essentials,
Let's Hyphen,lets_hyphen,Advanced Glow Essentials,https://letshyphen.com/products/advanced-glow-essentials,
Let's Hyphen,lets_hyphen,Cleanser for Dry Skin + BCC for Dry Skin,https://letshyphen.com/products/cleanser-for-dry-skin-bcc-for-dry-skin,
Let's Hyphen,lets_hyphen,Cleanser for Oily Skin + BCC for Oily Skin,https://letshyphen.com/products/cleanser-for-oily-skin-bcc-for-oily-skin,
Let's Hyphen,lets_hyphen,DAILY DRY-SKIN CARE BUNDLE: FOR DRY TO NORMAL SKIN,https://letshyphen.com/products/daily-dry-skin-care-bundle-for-dry-to-normal-skin,
Let's Hyphen,lets_hyphen,DAILY GLOW ESSENTIALS GIFT KIT,https://letshyphen.com/products/the-daily-glow-essentials-gift-kit,
Let's Hyphen,lets_hyphen,DAY-CARE ROUTINE - SET OF 2,https://letshyphen.com/products/day-care-routine,
Let's Hyphen,lets_hyphen,Glow On The Go Kit,https://letshyphen.com/products/day-care-routine-1,
Let's Hyphen,lets_hyphen,JUICY LIPS OR NOTHING KIT - LIP BALM COMBO,https://letshyphen.com/products/juicy-lips-or-nothing-kit,
Let's Hyphen,lets_hyphen,NIGHT-CARE ROUTINE FOR OILY SKIN - SET OF 2,https://letshyphen.com/products/night-care-routine-for-oily-skin,
Let's Hyphen,lets_hyphen,NO MORE OILY-SKIN BUNDLE : FOR OILY TO COMBINATION SKIN,https://letshyphen.com/products/no-more-oily-skin-bundle-for-oily-to-combination-skin,
Let's Hyphen,lets_hyphen,PM Glow Essentials,https://letshyphen.com/products/pm-glow-essentials,
Mamaearth,mamaearth,All-purpose-creams,https://mamaearth.in/product/all-purpose-creams,
Mamaearth,mamaearth,Apc 50G,https://mamaearth.in/product/apc-50g,
Mamaearth,mamaearth,Apple_Cider_Vinegar_Face_swatch,https://mamaearth.in/product/apple-cider-vinegar-face-swatch,
Mamaearth,mamaearth,Aqua Glow Skin Refreshing Combo for Hydrated & Fresh Skin - 100ml + 100ml,https://mamaearth.in/product/aqua-glow-skin-refreshing-combo-for-hydrated-fresh-skin,
Mamaearth,mamaearth,Aqua Glow Skin Refreshing Kit for Hydrated & Fresh Skin,https://mamaearth.in/product/aqua-glow-skin-refreshing-kit-for-hydrated-fresh-skin,
Mamaearth,mamaearth,Baby Essential Hamper Kit,https://mamaearth.in/product/baby-essential-hamper-kit-new,
Mamaearth,mamaearth,Baby-Moisturizing-Body-Lotion,https://mamaearth.in/product/baby-moisturizing-body-lotion,
Mamaearth,mamaearth,Baby_Heat_to_Toe_Wash,https://mamaearth.in/product/baby-heat-to-toe-wash,
Mamaearth,mamaearth,Baby_Milky_Soft_Body_Lotion,https://mamaearth.in/product/baby-milky-soft-body-lotion,
Mamaearth,mamaearth,Baby_Nourishing_Body_Wash,https://mamaearth.in/product/baby-nourishing-body-wash,
Mamaearth,mamaearth,Beetroot_Moisturizer,https://mamaearth.in/product/beetroot-moisturizer,
Mamaearth,mamaearth,Beetroot_Range_Serum,https://mamaearth.in/product/beetroot-range-serum,
Mamaearth,mamaearth,Bhringamla_Hair_Oil_swatch,https://mamaearth.in/product/bhringamla-hair-oil-swatch,
Mamaearth,mamaearth,Buy Mamaearth's Natural & Toxin Free Skin Care Products Online. Only Toxin Free Madesafe Certified Brand In India. Visit Now!. Free Shipping.,https://mamaearth.in/product/mamaearth-anti-mosquito-fabric-roll-on,
Mamaearth,mamaearth,Bye Bye Open Pores Combo,https://mamaearth.in/product/bye-bye-open-pores-combo,
Mamaearth,mamaearth,Charcoal Face Wash and Scrub Combo - 100ml + 100ml,https://mamaearth.in/product/charcoal-face-wash-scrub-combo,
Mamaearth,mamaearth,Charcoal_Face_Wash,https://mamaearth.in/product/charcoal-face-wash-swatch,
Mamaearth,mamaearth,Chia_Face_Wash,https://mamaearth.in/product/chia-face-wash,
Mamaearth,mamaearth,Chia_Moisturizer,https://mamaearth.in/product/chia-moisturizer,
Mamaearth,mamaearth,Chia_Sunscreen,https://mamaearth.in/product/chia-sunscreen,
Mamaearth,mamaearth,Coco_Body_Lotion_swatch,https://mamaearth.in/product/coco-body-lotion-swatch,
Mamaearth,mamaearth,Daily-glow-body-lotions-200ml,https://mamaearth.in/product/daily-glow-body-lotions-200ml,
Mamaearth,mamaearth,Damage Repair Combo - 250ml + 250ml,https://mamaearth.in/product/damage-repair-combo,
Mamaearth,mamaearth,Damage Repair Kit,https://mamaearth.in/product/damage-repair-kit,
Mamaearth,mamaearth,Derma_Soft_Range,https://mamaearth.in/product/derma-soft-range,
Mamaearth,mamaearth,Facial Kit - 60 g,https://mamaearth.in/product/facial-kit-60-g,
Mamaearth,mamaearth,GIFT_Set_makeup,https://mamaearth.in/product/gift-set-makeup,
Mamaearth,mamaearth,Henna Hair Kit with Henna & Coffee for Premature Greying,https://mamaearth.in/product/henna-hair-kit-with-henna-coffee-for-premature-greying,
Mamaearth,mamaearth,Honey Malai Lotion Swatch,https://mamaearth.in/product/honey-malai-lotion-swatch,
Mamaearth,mamaearth,Intense Hair Treatment Kit,https://mamaearth.in/product/intense-hair-treatment-kit,
Mamaearth,mamaearth,Light_Gel_Moisturizer,https://mamaearth.in/product/light-gel-moisturizer,
Mamaearth,mamaearth,Lip-Balm,https://mamaearth.in/product/lip-balm-4gm,
Mamaearth,mamaearth,Lip-Balm-New,https://mamaearth.in/product/lip-balm-new,
Mamaearth,mamaearth,Luxe_Range,https://mamaearth.in/product/luxe-range,
Mamaearth,mamaearth,MM_Face_Wash,https://mamaearth.in/product/mm-face-wash,
Mamaearth,mamaearth,Mamaearth Daily Glow Gift Box,https://mamaearth.in/product/mamaearth-daily-glow-gift-box,
Mamaearth,mamaearth,"Mamaearth | Natural & Toxin-Free Skin, Hair & Baby Care Products",https://mamaearth.in/product/ubtan-face-mask-with-saffron-turmeric-for-skin-brightening-and-tan-removal-20g-1,
Mamaearth,mamaearth,Moisturizing Bathing Bar Soap For Babies - pack of 4*75 g,https://mamaearth.in/product/moisturizing-bathing-bar-soap-for-babies-475gm,
Mamaearth,mamaearth,"Moisturizing Bathing Bar Soap For Babies, pack of 2*75g",https://mamaearth.in/product/mamaearth-moisturizing-baby-soap-bar,
Mamaearth,mamaearth,Multani_Mitti_test,https://mamaearth.in/product/multani-mitti-test,
Mamaearth,mamaearth,NG_Body_Wash,https://mamaearth.in/product/ng-body-wash,
Mamaearth,mamaearth,New_FacePacks,https://mamaearth.in/product/new-facepacks,
Mamaearth,mamaearth,Onion_Hair_Oil_Swatch,https://mamaearth.in/product/onion-hair-oil-swatch,
Mamaearth,mamaearth,Rice_Face_Wash,https://mamaearth.in/product/rice-face-wash,
Mamaearth,mamaearth,Rice_fw_test,https://mamaearth.in/product/rice-fw-test,
Mamaearth,mamaearth,Rice_water_Dewy_Sunscreen_Swatch,https://mamaearth.in/product/rice-water-dewy-sunscreen-swatch,
Mamaearth,mamaearth,Rosemary_Hair_Oil,https://mamaearth.in/product/rosemary-hair-oil,
Mamaearth,mamaearth,Rosemary_test_swatch,https://mamaearth.in/product/rosemary-test-swatch,
Mamaearth,mamaearth,Sindoor,https://mamaearth.in/product/sindoor,
Mamaearth,mamaearth,Skin Illuminate Combo for Radiant Skin,https://mamaearth.in/product/skin-illuminate-combo-for-radiant-skin,
Mamaearth,mamaearth,"Skin Lightening and Brightening Combo : Ubtan Facemask, 100ml and Ubtan Facewash, 100ml",https://mamaearth.in/product/mamaearth-combos-skin-lightening-and-brightening-combo,
Mamaearth,mamaearth,Skin illuminate swatch,https://mamaearth.in/product/skin-illuminate-swatch,
Mamaearth,mamaearth,Spotless Skin Combo: Ubtan Facewash - 100ml and Bye Bye Blemishes* Face Cream - 30ml,https://mamaearth.in/product/spotless-skin-combo,
Mamaearth,mamaearth,Tan Removal Combo - 100ml + 100gm,https://mamaearth.in/product/ubtan-face-scrub-ubtan-face-wash,
Mamaearth,mamaearth,Tan Removal Regimen Kit,https://mamaearth.in/product/tan-removal-regimen,
Mamaearth,mamaearth,Tea Tree Face Wash and Charcoal Face Wash Combo - 100ml + 100ml,https://mamaearth.in/product/tea-tree-face-wash-charcoal-face-wash,
Mamaearth,mamaearth,Therapy-lip-balm,https://mamaearth.in/product/therapy-lip-balm,
Mamaearth,mamaearth,Ubtan Body Care Combo - 300ml + 400ml,https://mamaearth.in/product/ubtan-body-care-combo,
Mamaearth,mamaearth,Ubtan_Lotion_200ml,https://mamaearth.in/product/ubtan-lotion-200ml,
Mamaearth,mamaearth,Ubtan_Lotion_400ml,https://mamaearth.in/product/ubtan-lotion-400ml,
Mamaearth,mamaearth,Ubtan_Moisturiser_Swatch,https://mamaearth.in/product/ubtan-moisturiser-swatch,
Mamaearth,mamaearth,Ubtan_test_fw,https://mamaearth.in/product/ubtan-test-fw,
Mamaearth,mamaearth,Vitamin C Day Regimen Combo,https://mamaearth.in/product/vitamin-c-day-regimen-combo,
Mamaearth,mamaearth,Vitamin C Day and Night Combo - 50gm + 50gm,https://mamaearth.in/product/vitamin-c-face-cream-with-vit-c-spf-20-vitamin-c-night-cream,
Mamaearth,mamaearth,Vitamin C Skincare Regimen Kit,https://mamaearth.in/product/vitamin-c-skincare-regimen-kit,
Mamaearth,mamaearth,Vitamin_C_Face_Wash_New,https://mamaearth.in/product/vitamin-c-face-wash-new,
Mamaearth,mamaearth,Vitamin_C_Suncreen_50g,https://mamaearth.in/product/vitamin-c-suncreen-50g,
Mamaearth,mamaearth,Vitaminc_sunscreen_test,https://mamaearth.in/product/vitaminc-sunscreen-test,
Mamaearth,mamaearth,Wedding Glow Skincare Kit,https://mamaearth.in/product/wedding-glow-skincare-kit,
Mamaearth,mamaearth,Welcome Baby Essential Kit,https://mamaearth.in/product/welcome-baby-essential-kit-new,
Mamaearth,mamaearth,Winter Essential Kit For Babies,https://mamaearth.in/product/winter-essential-kit-for-babies-new,
Mamaearth,mamaearth,apc_pack_of_2,https://mamaearth.in/product/apc-pack-of-2,
Mamaearth,mamaearth,rice swatch,https://mamaearth.in/product/rice-swatch,
Pixi Beauty India,pixi_in,Base Brush,https://in.pixibeauty.com/products/base-brush,
Pixi Beauty India,pixi_in,CREATE YOUR CUSTOM KIT!,https://in.pixibeauty.com/products/build-your-own-custom-mini-kit,
Pixi Beauty India,pixi_in,Cream Base Brush,https://in.pixibeauty.com/products/cream-base-brush,
Pixi Beauty India,pixi_in,Crease Brush,https://in.pixibeauty.com/products/crease-brush,
Pixi Beauty India,pixi_in,Dream-y Satin Pillowcase,https://in.pixibeauty.com/products/dream-y-satin-pillowcase,
Pixi Beauty India,pixi_in,Free Makeup Travel Bag,https://in.pixibeauty.com/products/free-makeup-travel-bag,
Pixi Beauty India,pixi_in,Full Makeup Brush Collection,https://in.pixibeauty.com/products/full-brush-collection,
Pixi Beauty India,pixi_in,Glow Brush,https://in.pixibeauty.com/products/glow-brush,
Pixi Beauty India,pixi_in,Glow Tonic Mini Size,https://in.pixibeauty.com/products/glow-tonic-40ml-1,
Pixi Beauty India,pixi_in,Glow Tonic To-Go Dual Packette,https://in.pixibeauty.com/products/glow-tonic-to-go-dual-packette-1,
Pixi Beauty India,pixi_in,Lid Brush,https://in.pixibeauty.com/products/lid-brush,
Pixi Beauty India,pixi_in,Line Brush,https://in.pixibeauty.com/products/line-brush,
Pixi Beauty India,pixi_in,Makeup Travel Bag,https://in.pixibeauty.com/products/makeup-travel-bag,
Pixi Beauty India,pixi_in,Mini LipLift Max Sheer Rose,https://in.pixibeauty.com/products/liplift-max-mini-sheer-rose,
Pixi Beauty India,pixi_in,Mini Vitamin-C Tonic,https://in.pixibeauty.com/products/vitamin-c-tonic-mini-size,
Pixi Beauty India,pixi_in,Pixi 25th Anniversary Hoodie,https://in.pixibeauty.com/products/exclusive-25th-anniversary-hoodie,
Pixi Beauty India,pixi_in,Pixi 25th Anniversary Tote Bag,https://in.pixibeauty.com/products/tote-bag-with-25-gold-foil-print,
Pixi Beauty India,pixi_in,Pixi E-Gift Card 10,https://in.pixibeauty.com/products/pixi-e-gift-card-10,
Pixi Beauty India,pixi_in,Pixi E-Gift Card 100,https://in.pixibeauty.com/products/pixi-e-gift-card-100,
Pixi Beauty India,pixi_in,Pixi E-Gift Card 150,https://in.pixibeauty.com/products/pixi-e-gift-card-150,
Pixi Beauty India,pixi_in,Pixi E-Gift Card 25,https://in.pixibeauty.com/products/pixi-e-gift-card-25,
Pixi Beauty India,pixi_in,Pixi E-Gift Card 50,https://in.pixibeauty.com/products/pixi-e-gift-card-50,
Pixi Beauty India,pixi_in,Pixi E-Gift Card 75,https://in.pixibeauty.com/products/pixi-e-gift-card-75,
Pixi Beauty India,pixi_in,Pixi Essential Bucket Hat,https://in.pixibeauty.com/products/pixi-essential-bucket-hat,
Pixi Beauty India,pixi_in,Pixi Rose Travel Bag,https://in.pixibeauty.com/products/pixi-rose-travel-bag,
Pixi Beauty India,pixi_in,Precision Brush,https://in.pixibeauty.com/products/precision-brush,
Pixi Beauty India,pixi_in,Prime & Glow,https://in.pixibeauty.com/products/prime-n-glow,
Pixi Beauty India,pixi_in,Retinol Tonic Mini Size,https://in.pixibeauty.com/products/retinol-tonic-40ml,
Pixi Beauty India,pixi_in,Retinol Tonic Mini Sized,https://in.pixibeauty.com/products/retinol-tonic-40ml-2,
Pixi Beauty India,pixi_in,Rose Tonic Mini Sample,https://in.pixibeauty.com/products/rose-tonic-mini-sample,
Pixi Beauty India,pixi_in,Rose Tonic Mini Size,https://in.pixibeauty.com/products/rose-tonic-40ml,
Pixi Beauty India,pixi_in,Vitamin-C Tonic Mini Size,https://in.pixibeauty.com/products/vitamin-c-tonic-40ml,
Pixi Beauty India,pixi_in,‍Blush Brush (100% off),https://in.pixibeauty.com/products/blush-brush-sca_clone_freegift,
Pixi Beauty India,pixi_in,‍Dream-y Satin Pillowcase (100% off),https://in.pixibeauty.com/products/dream-y-satin-pillowcase-sca_clone_freegift,
Pixi Beauty India,pixi_in,‍Glow Tonic Mini Size (100% off),https://in.pixibeauty.com/products/glow-tonic-40ml-2-sca_clone_freegift,
Pixi Beauty India,pixi_in,‍Glow Tonic To-Go Dual Packette (100% off),https://in.pixibeauty.com/products/glow-tonic-to-go-dual-packette-1-sca_clone_freegift,
Pixi Beauty India,pixi_in,‍Makeup Travel Bag (100% off),https://in.pixibeauty.com/products/makeup-travel-bag-sca_clone_freegift,
Pixi Beauty India,pixi_in,‍Mini Flawless Beauty Primer (100% off),https://in.pixibeauty.com/products/mini-flawless-beauty-primer-1-sca_clone_freegift,
Pixi Beauty India,pixi_in,‍Mini LipLift Max Sheer Rose (100% off),https://in.pixibeauty.com/products/liplift-max-mini-sheer-rose-sca_clone_freegift,
Pixi Beauty India,pixi_in,‍Natural Brow Duo (100% off),https://in.pixibeauty.com/products/natural-brow-duo-sca_clone_freegift,
Pixi Beauty India,pixi_in,‍Retinol Tonic Mini Size (100% off),https://in.pixibeauty.com/products/retinol-tonic-40ml-sca_clone_freegift,
Pixi Beauty India,pixi_in,‍Rose Tonic Mini Size (100% off),https://in.pixibeauty.com/products/rose-tonic-40ml-sca_clone_freegift,
Pixi Beauty India,pixi_in,‍Vitamin-C Tonic Mini Size (100% off),https://in.pixibeauty.com/products/vitamin-c-tonic-mini-size-sca_clone_freegift,
Plum Goodness,plum,1% Marine Spring Water Replenishing Toning Mist Spray**,https://plumgoodness.com/products/1-marine-spring-water-replenishing-toning-mist-spray,
Plum Goodness,plum,10% Niacinamide Face Serum - Pack of 2 | 30ml,https://plumgoodness.com/products/10-niacinamide-face-serum-pack-of-2-with-rice-water-squalane-brightens-skin-fades-blemishes-lightweight-quick-absorbing-suits-all-skin-types-100-vegan,
Plum Goodness,plum,2% Niacinamide & Rice Water SPF 50 PA++++ Hybrid Sunscreen,https://plumgoodness.com/products/2-niacinamide-sunscreen-rice-water-spf-50-pa-30g-sunscreen,
Plum Goodness,plum,3% Niacinamide & Rice Water SPF 50 Sheer-Tinted Sunscreen,https://plumgoodness.com/products/3-niacinamide-rice-water-spf-50-sheer-tinted-sunscreen-copy-1,
Plum Goodness,plum,3% Niacinamide & Rice Water SPF 50 Sheer-Tinted Sunscreen - 50 g,https://plumgoodness.com/products/3-niacinamide-rice-water-spf-50-sheer-tinted-sunscreen-50-g,
Plum Goodness,plum,Brightening & Hydrating Combo,https://plumgoodness.com/products/brightening-hydrating-combo-cica-hya-betaine-vegan-mucin-face-essence-rice-water-10-niacinamide-face-serum,
Plum Goodness,plum,Bulgarian Valley Rose Water Toner for tighter pores 150ml,https://plumgoodness.com/products/bulgarian-valley-rose-water-toner-for-tighter-pores-150ml,
Plum Goodness,plum,Candy Melts Lip Loves - Pack of 2 Lip Balms | Red Velvet Love + Berry Feast,https://plumgoodness.com/products/candy-melts-lip-loves-pack-of-2-lip-balms-red-velvet-love-berry-feast,
Plum Goodness,plum,CeraSense Build Your Barrier Kit | Moisturizer & Toner | Travel-Size,https://plumgoodness.com/products/cerasense-build-your-own-barrier-kit,
Plum Goodness,plum,Cleanse & Protect Duo For Dry Skin | Rice water & 2% Niacinamide Face Wash 100ml | Squalane & Vitamin E SPF 50 PA+++ Sunscreen 50g,https://plumgoodness.com/products/cleanse-protect-duo-for-dry-skin,
Plum Goodness,plum,Cleanse & Protect Duo For Oily Skin,https://plumgoodness.com/products/cleanse-protect-duo-for-oily-skin-green-tea-pore-cleansing-face-wash-100ml-rice-water-niacinamide-sunscreen-50g,
Plum Goodness,plum,Clear & Bright Duo | Plum Rice Water & 2% Niacinamide Gel Cream & 10% Niacinamide Face Serum with Rice Water,https://plumgoodness.com/products/niacinamide-gel-cream-niacinamide-serum,
Plum Goodness,plum,Everyday Glow Bright Serum Combo with 10% Vitamin C Serum & 10% Niacinamide Serum,https://plumgoodness.com/products/everyday-glow-bright-serum-combo-with-10-vitamin-c-serum-10-niacinamide-serum,
Plum Goodness,plum,Full Size Serum & Face Wash Duo,https://plumgoodness.com/products/full-size-serum-face-wash-duo,
Plum Goodness,plum,Glow & Protect Duo | 15% Vitamin C Serum 30ml | Rice Water & Niacinamide  Sunscreen 50g,https://plumgoodness.com/products/glow-protect-duo-15-vitamin-c-serum-30ml-rice-water-niacinamide-sunscreen-50g,
Plum Goodness,plum,Green Tea Mattifying Moisturizer for Oily & Acne-Prone Skin,https://plumgoodness.com/products/green-tea-mattifying-moisturizer,
Plum Goodness,plum,Green Tea Pore Cleansing Face Wash | 50 ml,https://plumgoodness.com/products/green-tea-pore-cleansing-face-wash-vegan-50-ml,
Plum Goodness,plum,Green Tea Revitalizing Face Mist For Oily & Acne-Prone Skin,https://plumgoodness.com/products/green-tea-revitalizing-face-mist,
Plum Goodness,plum,NaturStudio All-Day-Wear Kohl Kajal with FREE SHARPENER,https://plumgoodness.com/products/naturstudio-all-day-wear-kohl-kajal,
Plum Goodness,plum,Niacinamide & Rice Water Brighten Up Combo,https://plumgoodness.com/products/niacinamide-rice-water-brighten-up-combo,
Plum Goodness,plum,Niacinamide & Rice Water Brightening CMS Combo,https://plumgoodness.com/products/niacinamide-rice-water-brightening-cms-combo,
Plum Goodness,plum,Niacinamide & Rice Water Brightening CTM Combo,https://plumgoodness.com/products/niacinamide-rice-water-brightening-ctm-combo,
Plum Goodness,plum,Niacinamide & Rice Water Moisturize & Protect Combo,https://plumgoodness.com/products/niacinamide-rice-water-moisturize-protect-combo,
Plum Goodness,plum,Niacinamide Blemish Fading Duo | With Toner & Serum | Brightens & Fades Blemishes | All Skin Types | 100% Vegan,https://plumgoodness.com/products/niacinamide-blemish-fading-duo-with-toner-serum-brightens-fades-blemishes-all-skin-types-100-vegan-1,
Plum Goodness,plum,"Niacinamide Bright Protection duo | 10% Niacinamide & Rice Water Face Serum 15ml, 2% Niacinamide & Rice Water SPF 50 PA+++ Sunscreen 50g new",https://plumgoodness.com/products/niacinamide-bright-protection-duo-10-niacinamide-rice-water-face-serum-15ml-2-niacinamide-rice-water-spf-50-pa-sunscreen-50g-new,
Plum Goodness,plum,Niacinamide Clear & Bright Skin Combo,https://plumgoodness.com/products/10-niacinamide-serum-niacinamide-gel-duo,
Plum Goodness,plum,Niacinamide Duo | Facewash | Gel cream | Travel-Size,https://plumgoodness.com/products/niacinamide-facewash-and-gel-cream-duo-travel-size,
Plum Goodness,plum,Plum Aloe Vera Multi-Use Gel | 150 ml | Full Size,https://plumgoodness.com/products/plum-aloe-vera-multi-use-gel-150-ml-full-size,
Plum Goodness,plum,Plum BodyLovin'Tender Lovin' Eclair Trio,https://plumgoodness.com/products/plum-bodylovintender-lovin-eclair-trio,
Plum Goodness,plum,Plum Brightening Duos Combo | 5% Niacinamide Serum + 3% Niacinamide Toner,https://plumgoodness.com/products/plum-brightening-duos-combo-5-niacinamide-serum-3-niacinamide-toner,
Plum Goodness,plum,Plum Cherry Blossom And 1% Glycolic Acid Frizz Control Serum Crème | 10ml | Mini,https://plumgoodness.com/products/plum-cherry-blossom-and-1-glycolic-acid-frizz-control-serum-creme-10ml-mini,
Plum Goodness,plum,Plum Color Affair Nail Polish Remover,https://plumgoodness.com/products/color-affair-nail-polish-remover-acetone-free-easy-removal,
Plum Goodness,plum,Plum Niacinamide Skincare Trio Kit | Face Wash | Moisturizer | Sunscreen | Travel-Size,https://plumgoodness.com/products/plum-niac-n-bright-trio-kit,
Plum Goodness,plum,Plum Rice Water & 2% Niacinamide Simply Bright Face Wash (15 ml),https://plumgoodness.com/products/plum-rice-water-2-niacinamide-simply-bright-face-wash-15-g,
Plum Goodness,plum,Plum Rice Water & 3% Niacinamide Toner | 20ml | Mini,https://plumgoodness.com/products/plum-rice-water-3-niacinamide-toner-20ml-mini,
Plum Goodness,plum,Plum Saffron & Papaya Glow Bright Face Wash | 50ml | Full Size,https://plumgoodness.com/products/plum-saffron-papaya-glow-bright-face-wash-50ml-full-size,
Plum Goodness,plum,Plum Saffron & Papaya Glow Bright Face Wash | 50ml | Full Size**,https://plumgoodness.com/products/plum-saffron-papaya-glow-bright-face-wash-50ml-full-size-1,
Plum Goodness,plum,Plum Bright Start Gift Set | Beginner-friendly routine,https://plumgoodness.com/products/h1-plum-bright-start-gift-set-beginner-friendly-routine-h2-brightens-fades-acne-marks-provides-2x-hydration,
Plum Goodness,plum,Rice Water & 2% Niacinamide Clear Moisture Gel Cream | 7gm | Mini,https://plumgoodness.com/products/rice-water-2-niacinamide-clear-moisture-gel-cream-7gm-mini-copy,
Plum Goodness,plum,Rice water & 3% Niacinamide sheer-tinted sunscreen |10 ml| Travel-Size,https://plumgoodness.com/products/rice-water-3-niacinamide-sheer-tinted-sunscreen-10-ml-1,
Plum Goodness,plum,Saffron Glow Bright Cleanse & Moisturize Combo | Face Wash & Moisturizer | With Saffron & Kumkumadi Oil | Enhances Natural Glow & Hydrates Skin | For All Skin Types | 100% Vegan,https://plumgoodness.com/products/saffron-glow-bright-cleanse-moisturize-combo-face-wash-moisturizer-with-saffron-kumkumadi-oil-enhances-natural-glow-hydrates-skin-for-all-skin-types-100-vegan,
Plum Goodness,plum,Simply Bright Routine! 2% Niacinamide & Plum Rice Water face wash & 2% Niacinamide Gel Cream,https://plumgoodness.com/products/niacinamide-gel-cream-niacinamide-face-wash,
Plum Goodness,plum,Soft Hair Duo,https://plumgoodness.com/products/soft-hair-duo-copy,
Plum Goodness,plum,The Pore-fectly Bright Chemistry with Plum Rice Water & 2% Niacinamide Gel Cream & Plum Rice Water & 3% Niacinamide Toner,https://plumgoodness.com/products/niacinamide-gel-cream-niacinamide-toner,
Plum Goodness,plum,🎁 3% Niacinamide & Rice Water SPF 50 Sheer-Tinted Sunscreen,https://plumgoodness.com/products/3-niacinamide-rice-water-spf-50-sheer-tinted-sunscreen-copy-sca_clone_freegift,
Plum Goodness,plum,🎁 Rice Water & 2% Niacinamide Clear Moisture Gel Cream | 7gm | Mini,https://plumgoodness.com/products/rice-water-2-niacinamide-clear-moisture-gel-cream-7gm-mini-sca_clone_freegift,
Plum Goodness,plum,🎁 Rice water & 3% Niacinamide sheer-tinted sunscreen |10 ml| Travel-Size,https://plumgoodness.com/products/rice-water-3-niacinamide-sheer-tinted-sunscreen-10-ml-sca_clone_freegift,
Plum Goodness,plum,🎁 Soft Hair Duo,https://plumgoodness.com/products/soft-hair-duo-sca_clone_freegift,
Pond's India,ponds_in,Bright Beauty Face Scrub,https://ponds.in/products/bright-beauty-face-scrub,
Pond's India,ponds_in,Fresh Glow Light Moisturiser with Vitamin E +Glycerine,https://ponds.in/products/fresh-glow-light-moisturiser-with-vitamin-e-glycerine,
Pond's India,ponds_in,"Instant Coverage & Glow BB+ Cream, 30g",https://ponds.in/products/instant-coverage-glow-bb-cream-ivory,
Pond's India,ponds_in,"POND'S Aloe Cooling Talc, With 100% Natural Aloe vera extract",https://ponds.in/products/ponds-aloe-cooling-talc-with-100-natural-aloe-vera-extract,
Pond's India,ponds_in,POND'S Anti-Pigmentation Serum with 12% Gluta-Niacinamide Complex for Flawless Radiance,https://ponds.in/products/ponds-bright-beauty-anti-pigmentation-serum-for-flawless-radiance-with-12-gluta-niacinamide-complex,
Pond's India,ponds_in,POND'S Bright Beauty 1% Vit C+E+A Gel Crème,https://ponds.in/products/ponds-bright-beauty-1-vit-c-e-a-gel-creme,
Pond's India,ponds_in,POND'S Bright Beauty 12% Vit C+E+A Serum,https://ponds.in/products/ponds-bright-beauty-12-vit-c-e-a-serum,
Pond's India,ponds_in,POND'S Bright Beauty Anti-Dullness Facewash with Vitamin B3,https://ponds.in/products/ponds-bright-beauty-facewash,
Pond's India,ponds_in,"POND'S Bright Beauty Anti-Spot Serum Cream with Niacinamide and SPF 15 PA++, Fades Dark Spots",https://ponds.in/products/bright-beauty-serum-cream,
Pond's India,ponds_in,"POND'S Bright Beauty Foaming Brush Facewash for Glowing Skin, Deep Clean Pores, All Skin Types (150 ml)",https://ponds.in/products/ponds-bright-beauty-foaming-brush-facewash-for-glowing-skin-deep-clean-pores-all-skin-types,
Pond's India,ponds_in,POND'S Bright Beauty Foaming Pump Facewash,https://ponds.in/products/ponds-bright-beauty-foaming-pump-facewash,
Pond's India,ponds_in,"POND'S Bright Beauty Gel Crème with Glutaboost Niacinamide Complex for Fading Dark Spots, 50g",https://ponds.in/products/ponds-bright-beauty-gel-creme-with-glutaboost-niacinamide-complex-for-fading-dark-spots-50g,
Pond's India,ponds_in,"POND'S Bright Beauty Mineral Clay Facial Foam With Vitamin B3+, Oil Free Instant Glow, (90gm)",https://ponds.in/products/bright-beauty-mineral-clay-vitamin-b3-face-wash,
Pond's India,ponds_in,POND'S Bright Beauty Vit C+E+A Gel Face Wash,https://ponds.in/products/ponds-bright-beauty-vit-c-e-a-gel-face-wash,
Pond's India,ponds_in,POND'S Bright Miracle Detox Facewash with 10X Power of Charcoal,https://ponds.in/products/pure-detox-anti-pollution-purity-face-wash-with-activated-charcoal,
Pond's India,ponds_in,"POND'S DeTan Facewash, With Niacinamide & Vitamin C, Reduces Tan in 7 Days, For All Skin Types,100g",https://ponds.in/products/ponds-detan-facewash-with-vitamin-c-niacinamide,
Pond's India,ponds_in,"POND'S Dreamflower Fragrant Talcum Powder, With Vitamin B3, (400gm)",https://ponds.in/products/dreamflower-fragrant-talc-with-vitamin-b3,
Pond's India,ponds_in,POND'S Hydra Light Hyaluronic Acid Complex 2% Serum,https://ponds.in/products/ponds-hydra-light-hyaluronic-acid-complex-2-serum,
Pond's India,ponds_in,POND'S Hydra Light Hyaluronic Acid Hydrating Gel Facewash - Hydrate and Glow,https://ponds.in/products/ponds-hydra-light-hyaluronic-acid-hydrating-gel-facewash-hydrate-and-glow,
Pond's India,ponds_in,POND'S Hydra Light Hyaluronic Acid Hydrating Night Gel - Plumps Skin for 72 Hours,https://ponds.in/products/ponds-hydra-light-hyaluronic-acid-hydrating-night-gel,
Pond's India,ponds_in,POND'S Hydrating Sheet Mask With 100% Natural Coconut Water & Vitamin B3,https://ponds.in/products/pond-s-hydrating-sheet-mask-dewy-radiant-skin-with-100-natural-coconut-water-vitamin-b3-paraben-free-biodegradable-fabric,
Pond's India,ponds_in,"POND'S Magic Freshness Talcum Powder With Fragrance of Acacia Honey, (400 gm)",https://ponds.in/products/ponds-magic-talcum-powder,
Pond's India,ponds_in,"POND'S Men Daily Defence SPF 30 Face Crème, (55gm)",https://ponds.in/products/men-daily-defence-spf-30-face-creme,
Pond's India,ponds_in,"POND'S Men Energy Bright Facewash With Coffee Bean Extracts, (100gm)",https://ponds.in/products/men-energy-bright-face-wash-with-coffee-bean-extracts,
Pond's India,ponds_in,"POND'S Men Pimple Clear Facewash With Thymo-T Essence, (100gm)",https://ponds.in/products/men-pimple-clear-face-wash,
Pond's India,ponds_in,"POND'S Pimple Clear Face Wash, Clears Pimple in 3 Days, (100gm)",https://ponds.in/products/pimple-clear-germ-removal-facewash,
Pond's India,ponds_in,"POND'S Pure Detox Foaming Brush Facewash for Clear Glow, Gentle Exfoliation, Deep Clean, All Skin Types (150 ml)",https://ponds.in/products/ponds-pure-detox-foaming-brush-facewash-for-clear-glow-gentle-exfoliation-deep-clean-all-skin-types-150-ml,
Pond's India,ponds_in,POND'S Pure Detox Foaming Pump Facewash 150ml,https://ponds.in/products/ponds-pure-detox-foaming-pump-facewash,
Pond's India,ponds_in,"POND'S Pure Detox Mineral Clay Facial Foam For Oil Free Glow, (90gm)",https://ponds.in/products/pure-detox-face-wash-with-mineral-clay-activated-charcoal,
Pond's India,ponds_in,"POND'S Sandal Radiance Talcum Powder, Natural Sunscreen, 300 g",https://ponds.in/products/sandal-radiance-talcum-powder,
Pond's India,ponds_in,"POND'S Starlight Talcum Powder, With Orchid & Jasmine Notes, (300gm)",https://ponds.in/products/starlight-talcum-powder-with-orchid-jasmine,
Pond's India,ponds_in,"POND'S Sun Miracle SPF 35 PA+++ Crème Gel Sunscreen - Protect & Bright, With Niacinamide",https://ponds.in/products/ponds-sun-miracle-spf-35-pa-creme-gel-sunscreen-protect-bright-with-niacinamide,
Pond's India,ponds_in,"POND'S Sun Miracle SPF 50 PA+++ Crème Gel Sunscreen - Protect & Hydrate, With Hyaluronic Acid",https://ponds.in/products/ponds-sun-miracle-spf-50-pa-creme-gel-sunscreen-protect-hydrate-with-hyaluronic-acid,
Pond's India,ponds_in,POND'S Super Light Gel Oil-Free Moisturize with Hyaluronic Acid & Vitamin E 48HR Hydration,https://ponds.in/products/super-light-gel-with-hyaluronic-acid-vitamin-e,
Pond's India,ponds_in,POND'S Vitamin C Brightening Sheet Mask With 100% Natural Pineapple,https://ponds.in/products/ponds-vitamin-c-brightening-sheet-mask-clear-glowing-skin-100-natural-pineapple-paraben-free-biodegradable-fabric,
Pond's India,ponds_in,POND'S Vitamin E Nourishing Sheet Mask With 100% Natural Avocado,https://ponds.in/products/pond-s-vitamin-e-nourishing-sheet-mask-soft-supple-skin-100-natural-avocado-paraben-free-biodegradable-fabric,
Pond's India,ponds_in,"POND'S Youthful Miracle Hexyl Retinol Complex, Renew & Repair Day Cream SPF 15 PA++",https://ponds.in/products/ponds-youthful-miracle-hexyl-retinol-complex-renew-repair-day-cream-20g-spf-15-pa,
Pond's India,ponds_in,"POND'S Youthful Miracle Hexyl Retinol Complex, Renew & Repair Night Cream 50g",https://ponds.in/products/ponds-youthful-miracle-hexyl-retinol-complex-renew-repair-night-cream-50g,
Pond's India,ponds_in,"POND'S Youthful Miracle Hexyl Retinol, Renew & Rejuvenate Facewash 100g",https://ponds.in/products/ponds-youthful-miracle-hexyl-retinol-renew-rejuvenate-facewash-100g,
Pond's India,ponds_in,"POND'S Youthful Miracle Hexyl Retinol, Renew & Repair Eye Cream",https://ponds.in/products/ponds-youthful-miracle-hexyl-retinol-renew-repair-eye-cream-15ml,
Pond's India,ponds_in,"POND'S Youthful Miracle Hexyl Retinol, Renew & Repair Serum",https://ponds.in/products/ponds-youthful-miracle-hexyl-retinol-renew-repair-serum-copy,
Pond's India,ponds_in,"POND’S Sun Miracle SPF 35 PA+++ Light Sunscreen - Protect & Bright, With Niacinamide 50g",https://ponds.in/products/ponds-serum-boost-sunscreen-cream-spf-35,
Pond's India,ponds_in,"POND’S Sun Miracle SPF 50 PA++ Sunscreen Serum - Protect & Bright, With Niacinamide 14ml",https://ponds.in/products/ponds-serum-boost-sunscreen-serum-spf-50,
Pond's India,ponds_in,"POND’S Sun Miracle SPF 50 PA+++ Crème Gel Sunscreen - Protect & Bright, With Niacinamide",https://ponds.in/products/ponds-serum-boost-sunscreen-gel-spf-50,
Pond's India,ponds_in,POND’S Sun Miracle SPF 55 PA+++ Light Sunscreen - Protect & Bright,https://ponds.in/products/ponds-serum-boost-sunscreen-cream-spf-55,
Re'equil,reequil,Gift Wrap Packaging,https://reequil.com/products/gift-boxgift-wrap-v1,
Re'equil,reequil,🎁 Oil-Free Aquagel Sunscreen Mini - 20ml,https://reequil.com/products/🎁-oil-free-aquagel-sunscreen-mini-20ml,
Re'equil,reequil,🎁 Ultra Matte Dry Touch Sunscreen- 6gm - 6g,https://reequil.com/products/🎁-ultra-matte-dry-touch-sunscreen-6gm-6g,
Simple India,simple_in,Gentle Cleansing Pads,https://simpleskincare.in/products/gentle-cleansing-pads,
Simple India,simple_in,Kind to Skin Refreshing Facial Wash 15ml,https://simpleskincare.in/products/kind-to-skin-refreshing-facial-wash-15ml,
World of Asaya,world_of_asaya,10% Vitamin C & 5% Niacinamide Serum for Dry Dull & Uneven Skin - Mini,https://worldofasaya.com/products/best-vitamin-c-10-mini,
World of Asaya,world_of_asaya,2% Salicylic Acid & 5% Niacinamide Serum - Mini,https://worldofasaya.com/products/2-salicylic-acid-5-niacinamide-serum-mini,
World of Asaya,world_of_asaya,"5% Multi Peptide Complex & Hyaluronic Acid Serum for Face, Collagen Booster - Mini",https://worldofasaya.com/products/5-multi-peptide-complex-hyaluronic-acid-serum-mini,
World of Asaya,world_of_asaya,"5% Multi Peptide Complex & Hyaluronic Acid Serum for Face, Collagen Booster - Mini Glow",https://worldofasaya.com/products/5-multi-peptide-complex-hyaluronic-acid-mini,
World of Asaya,world_of_asaya,Advanced Spot Targeting Serum & Even Tone Underarm Mist,https://worldofasaya.com/products/advanced-spot-targeting-serum-even-tone-underarm-mist,
World of Asaya,world_of_asaya,Advanced Spot Targeting Serum - Mini,https://worldofasaya.com/products/advanced-spot-targeting-serum-mini,
World of Asaya,world_of_asaya,BOBA Lip Balm,https://worldofasaya.com/products/boba-lip-balm,
World of Asaya,world_of_asaya,Even Evermore Crème - Moisturizer for Dark Spots & Blemishes - Mini,https://worldofasaya.com/products/even-evermore-creme-moisturizer-for-dark-spots-blemishes-mini,
World of Asaya,world_of_asaya,Glow & Lift Crème - Peptide Moisturizer for Skin Brightening & Collagen Boosting - Mini,https://worldofasaya.com/products/glow-lift-creme-peptide-moisturizer-for-skin-brightening-collagen-boosting-mini,
World of Asaya,world_of_asaya,Head to Toe Anti Pigmentation Care Set,https://worldofasaya.com/products/head-to-toe-anti-pigmentation-set-2,
World of Asaya,world_of_asaya,Head to Toe Anti Pigmentation Set for Even Tone,https://worldofasaya.com/products/head-to-toe-anti-pigmentation-set-for-even-tone,
World of Asaya,world_of_asaya,Pearl Charm,https://worldofasaya.com/products/pearl-charm,
World of Asaya,world_of_asaya,Spot Light Sunscreen SPF 50 PA++++ for Dark Spots & Hyperpigmentation 10gm - Mini,https://worldofasaya.com/products/spot-light-sunscreen-spf-50-pa-for-dark-spots-hyperpigmentation-10gm,
World of Asaya,world_of_asaya,Summer Sipper,https://worldofasaya.com/products/summer-tumbler,
World of Asaya,world_of_asaya,Summer Sticker,https://worldofasaya.com/products/summer-sticker,
World of Asaya,world_of_asaya,Sunshine Charm,https://worldofasaya.com/products/sunshine-charm,
World of Asaya,world_of_asaya,Target & Fade Duo,https://worldofasaya.com/products/itb-uas,
World of Asaya,world_of_asaya,Tote Bag,https://worldofasaya.com/products/tote-bag,
